Position,Compnay,Location,URL
Senior QA Engineer Long Term, Proxify, ğŸŒ Worldwide, https://remoteok.com//remote-jobs/remote-senior-qa-engineer-long-term-proxify-116378
Senior IAM Engineer, Upgrade, ğŸŒ Probably worldwide, https://remoteok.com//remote-jobs/remote-senior-iam-engineer-upgrade-153931
Lead QA Engineer, Amwell, ğŸ‡ºğŸ‡¸ United States, https://remoteok.com//remote-jobs/remote-lead-qa-engineer-amwell-149265
Data Scientist Marketplace and Merchandising, Splice.com, ğŸ‡ºğŸ‡¸ United States, https://remoteok.com//remote-jobs/remote-data-scientist-marketplace-and-merchandising-splice-com-141902
Principal Software Engineer, Talend, ğŸ‡µğŸ‡¹ Portugal, https://remoteok.com//remote-jobs/remote-principal-software-engineer-talend-139099
Technical Manager Residential, Vonage, ğŸ‡ºğŸ‡¸ United States, https://remoteok.com//remote-jobs/remote-technical-manager-residential-vonage-133633
Senior Research Software Engineer, Riverside Research, ğŸ‡ºğŸ‡¸ United States, https://remoteok.com//remote-jobs/remote-senior-research-software-engineer-riverside-research-124645
Senior Backend Software Engineer, BrightInsight, ğŸ‡ºğŸ‡¸ United States, https://remoteok.com//remote-jobs/remote-senior-backend-software-engineer-brightinsight-122907
Senior Staff Principal Machine Learning Engineer, Sift, ğŸ‡ºğŸ‡¸ United States, https://remoteok.com//remote-jobs/remote-senior-staff-principal-machine-learning-engineer-sift-122901
Software Engineer, StockX, ğŸ‡ºğŸ‡¸ United States, https://remoteok.com//remote-jobs/114976-remote-software-engineer-stockx
Data Engineer III, AccuWeather Careers, ğŸ‡ºğŸ‡¸ United States, https://remoteok.com//remote-jobs/114202-remote-data-engineer-iii-accuweather-careers
Lead Java Developer London, ION Group, ğŸ‡¬ğŸ‡§ United Kingdom, https://remoteok.com//remote-jobs/112323-remote-lead-java-developer-london-ion-group
Solutions Engineer, Incode Technologies, ğŸ‡«ğŸ‡· France, https://remoteok.com//remote-jobs/remote-solutions-engineer-incode-technologies-120682
Software Engineer Flex, Twilio, ğŸ‡µğŸ‡± Poland, https://remoteok.com//remote-jobs/111828-remote-software-engineer-flex-twilio
QA Engineer Automation Testing, Fresh Prints, ğŸ‡®ğŸ‡³ India, https://remoteok.com//remote-jobs/111546-remote-qa-engineer-automation-testing-fresh-prints
Quality Assurance & Test Automation Engineer, Ã“scala, Valencia, https://remoteok.com//remote-jobs/111457-remote-quality-assurance-test-automation-engineer-oscala
Backend Engineer, Argyle, ğŸ‡ªğŸ‡º Europe, https://remoteok.com//remote-jobs/111345-remote-backend-engineer-argyle
Quality Assurance Architect, CrunchTime, ğŸ‡ºğŸ‡¸ United States, https://remoteok.com//remote-jobs/111280-remote-quality-assurance-architect-crunchtime
Senior Backend Engineer Investments, Chainalysis, ğŸ‡¬ğŸ‡§ United Kingdom, https://remoteok.com//remote-jobs/111225-remote-senior-backend-engineer-investments-chainalysis
Salesforce Developer, Angi, ğŸ‡¨ğŸ‡¦ Canada, https://remoteok.com//remote-jobs/110460-remote-salesforce-developer-angi
